<parts>
  <port name="PORTA" pins="6" outreg="PORTA" dirreg="!TRISA"
                     inpmask="00110111" 
                     clockpins="PORTA4,PORTA5" 
                     resetpin="PORTA3"
                     pullups="WPUA" >
                     
    <interrupt name="PA_INT" mask="00111111"/>
    <extint    name="INT" pin="PORTA2" configbits="INTEDG"/>
  </port>

  <port name="PORTC" pins="6" outreg="PORTC" dirreg="!TRISC" >
  </port>

  <timer name="TIMER0" type="800" configregsA="OPTION" clockpin="PORTA2"
                       counter="TMR0"
                       interrupt="T0_OVF"
                       prescalers="2,4,8,16,32,64,128,256"/>

  <timer name="TIMER1" type="160" configregsA="T1CON" clockpin="PORTA5"
                       counter="TMR1L,TMR1H"
                       interrupt="T1_OVF"
                       prescalers="1,2,4,8"/>

  <timer name="TIMER2" type="820" configregsA="T2CON" configregsB="PR2"
                       counter="TMR2"
                       interrupt="T2_MATCH"
                       prescalers="1,4,16,16"/>

  <ccpunit name="CCP1" type="01" configregsA="CCP1CON"
                       ccpreg="CCPR1L,CCPR1H"
                       pin="PORTC2"
                       interrupt="CCP1" />

  <acomp name="COMP1" type="01" configregsA="CMCON0"
                      interrupt="ACOMP1"
                      pins="PORTA0,PORTA1,PORTA2"/>

  <acomp name="COMP2" type="02" configregsA="CMCON0"
                      interrupt="ACOMP2"
                      pins="PORTC0,PORTC1,PORTC4"/>
                      
  <adc name="ADC" type="11" bits="10" configregsA="ADCON0"
                        dataregs="ADRESL,ADRESH"
                        interrupt="ADC"
                        prescalers="2,8,32,0,4,16,64"
                        adcpins="PORTA0,PORTA1,PORTA2,PORTA4,PORTC0,PORTC1,PORTC2,PORTC3"
                        vrefpins="PORTA1"/>

  <wdt name="WDT" configregsA="OPTION"
                  prescalers="1,2,4,8,16,32,64,128"/>
</parts>
