<parts>
    <!-- BANK 0 -->
    <regblock name="SFR0" start="0x0000" end="0x001F" >
        <register name="PORTA"   addr="0x05" mask="00111111" />
        <register name="PORTC"   addr="0x07" mask="00111111" />

        <register name="PCLATH"  addr="0x0A" />
        <register name="INTCON"  addr="0x0B" 
                  bits="RAIF,INTF,T0IF,RAIE,INTE,T0IE,PEIE,GIE"/>
                  
        <register name="PIR1"    addr="0x0C" 
                  bits="TMR1IF,TMR2IF,OSFIF,C1IF,C2IF,CCP1IF,ADIF,EEIF"/>
                  
        <register name="TMR1L"   addr="0x0E" />
        <register name="TMR1H"   addr="0x0F" />
        <register name="T1CON"   addr="0x10" 
                  bits="TMR1ON,TMR1CS,T1SYNC,T1OSCEN,T1CKPS0,T1CKPS1,TMR1GE,T1GINV"/>
                  
        <register name="TMR2"    addr="0x11" />
        <register name="T2CON"   addr="0x12" mask="01111111"
                  bits="T2CKPS0,T2CKPS1,TMR2ON,TOUTPS0,TOUTPS1,TOUTPS2,TOUTPS3"/>
                  
        <register name="CCPR1L"  addr="0x13" />
        <register name="CCPR1H"  addr="0x14" />
        <register name="CCP1CON" addr="0x15" 
                  bits="CCP1M0,CCP1M1,CCP1M2,CCP1M3,DC1B0,DC1B1,P1M0,P1M1"/>
                  
        <register name="PWM1CON" addr="0x16"
                  bits="PDC0,PDC1,PDC2,PDC3,PDC4,PDC5,PDC6,PRSEN" />
                  
        <register name="ECCPAS"  addr="0x17" 
                  bits="PSSBD0,PSSBD1,PSSAC0,PSSAC1,ECCPAS0,ECCPAS1,ECCPAS2,ECCPASE"/>
                  
        <register name="WDTCON"  addr="0x18" mask="00111111" reset="00001000"
                  bits="SWDTEN,WDTPS0,WDTPS1,WDTPS2,WDTPS3"/>
                  
        <register name="CMCON0"  addr="0x19"
                  bits="CM0,CM1,CM2,CIS,C1INV,C2INV,C1OUT,C2OUT" />
                  
        <register name="CMCON1"  addr="0x1A" mask="00000011" reset="00000010"
                  bits="C2SYNC,T1GSS" />
                  
        <register name="ADRESH"  addr="0x1E"  />
        <register name="ADCON0"  addr="0x1F"  mask="11011111"
                  bits="ADON,GO/DONE,CHS0,CHS1,CHS2,0,VCFG,ADFM"/>
    </regblock>
    <datablock name="GPR0" start="0x0020" end="0x007F" />
    
    <!-- BANK 1 -->
    <regblock name="SFR1" start="0x0080" end="0x009F">
        <mapped                 addr="0x80" mapto="0x00"/><!-- INDF -->
        <register name="OPTION" addr="0x81" reset="11111111"
                  bits="PS0,PS1,PS2,PSA,T0SE,T0CS,INTEDG,RAPU"/>
                  
        <mapped                 addr="0x82" mapto="0x02"/><!-- PCL -->
        <mapped                 addr="0x83" mapto="0x03"/><!-- STATUS -->
        <mapped                 addr="0x84" mapto="0x04"/><!-- FSR -->
        <register name="TRISA"  addr="0x85"  mask="00110111" reset="00111111"/>
        <register name="TRISC"  addr="0x87"  mask="00111111" reset="00111111"/>
        <mapped                 addr="0x8A" mapto="0x0A"/><!-- PCLATH -->
        <mapped                 addr="0x8B" mapto="0x0B"/><!-- INTCON -->
        <register name="PIE1"   addr="0x8C" 
                  bits="TMR1IE,TMR2IE,OSFIE,C1IE,C2IE,CCP1IE,ADIE,EEIE"/>
                  
        <register name="PCON"   addr="0x8E" reset="00010000" mask="00110011"
                  bits="BOR,POR,0,0,SBOREN,ULPWUE" />
                  
        <register name="OSCCON" addr="0x8F" reset="01100000" mask="01111111"
                  bits="SCS,LTS,HTS,OSTS,IRCF0,IRCF1,IRCF2" />
                  
        <register name="OSCTUNE" addr="0x90" mask="00011111" />
                  
        <register name="ANSEL"  addr="0x91" reset="11111111"  />
        <register name="PR2"    addr="0x92" reset="11111111"  />
        
        <register name="WPUA"   addr="0x95" reset="11111111" mask="00110111" />
        <register name="IOCA"   addr="0x96" mask="00111111" />
                  
        <register name="VRCON"  addr="0x99" mask="10101111"
                  bits="VR0,VR1,VR2,VR3,0,VRR,0,VREN"/>
                  
        <register name="EEDAT"  addr="0x9A" />
        <register name="EEADR"  addr="0x9B" />
        <register name="EECON1" addr="0x9C" mask="00001111"
                  bits="RD,WR,WREN,WRERR"/>
                  
        <register name="EECON2" addr="0x9D" />
        <register name="ADRESL" addr="0x9E" />
        <register name="ADCON1" addr="0x9F" mask="01110000" 
                  bits="0,0,0,0,ADCS0,ADCS1,ADCS2"/>
    </regblock>
    <datablock name="GPR1" start="0x00A0" end="0x00BF"/>
    <datablock name="RAM1" start="0x00F0" end="0x00FF" mapto="0x0070"/>
    
</parts>
