<!DOCTYPE SimulIDE>

<itemlib>
    
    <itemset category="PIC/p10F" type="MCU">
        <item name="p10F200" package="PIC/p10F20x/p10F20x" data="PIC/p10F200"></item>
        <item name="p10F202" package="PIC/p10F20x/p10F20x" data="PIC/p10F202"></item>
        <item name="p10F204" package="PIC/p10F20x/p10F20x" data="PIC/p10F204"></item>
        <item name="p10F206" package="PIC/p10F20x/p10F20x" data="PIC/p10F206"></item>
    </itemset>
    <itemset category="PIC/p12F" type="MCU">
        <item name="p12F629" package="PIC/p12F629/p12F629" data="PIC/p12F629"></item>
        <item name="p12F675" package="PIC/p12F629/p12F629" data="PIC/p12F675"></item>
    </itemset>
    <itemset category="PIC/p16F" type="MCU">
        <item name="p16F83"  package="PIC/p16F8x/p16F84"   data="PIC/p16F83" ></item>
        <item name="p16F84"  package="PIC/p16F8x/p16F84"   data="PIC/p16F84" ></item>
        
        <item name="p16F627" package="PIC/p16F627/p16F627" data="PIC/p16F627"></item>
        <item name="p16F628" package="PIC/p16F627/p16F627" data="PIC/p16F628"></item>
        <item name="p16F648" package="PIC/p16F627/p16F627" data="PIC/p16F648"></item>
        
        <item name="p16F873" package="PIC/p16F87x/p16F873" data="PIC/p16F873"></item>
        <item name="p16F874" package="PIC/p16F87x/p16F874" data="PIC/p16F874"></item>
        <item name="p16F876" package="PIC/p16F87x/p16F873" data="PIC/p16F876"></item>
        <item name="p16F877" package="PIC/p16F87x/p16F874" data="PIC/p16F877"></item>
        
        <item name="p16F882" package="PIC/p16F88x/p16F886" data="PIC/p16F882"></item>
        <item name="p16F883" package="PIC/p16F88x/p16F886" data="PIC/p16F883"></item>
        <item name="p16F884" package="PIC/p16F88x/p16F887" data="PIC/p16F884"></item>
        <item name="p16F886" package="PIC/p16F88x/p16F886" data="PIC/p16F886"></item>
        <item name="p16F887" package="PIC/p16F88x/p16F887" data="PIC/p16F887"></item>
    </itemset>
    <itemset category="PIC/p16F (Enhanced)" type="MCU">
        <item name="p16F1826" package="PIC/p16F627/p16F627" data="PIC/p16F1826"></item>
    </itemset>
    
</itemlib>
