<!DOCTYPE SimulIDE>

<itemlib>
    <tag>QT_TRANSLATE_NOOP("xmlfile","Tools")</tag>
    
    <itemset category="Tools" type="Subcircuit" folder="tools" icon="subc.png" >

        <item name="ENCODER_BCD" info="10 State Thumbwheel Switch" />
        <item name="ENCODER_HEX" info="16 State Thumbwheel Switch" /> 
        <item name="2L_Display"  info="2-bit probe. (L)" /> 
        <item name="2R_Display"  info="2-bit probe. (R)" />         
        <item name="4L_Display"  info="4-bit probe. (L)" /> 
        <item name="4R_Display"  info="4-bit probe. (R)" /> 
        <item name="8L_Display"  info="8-bit probe. (L)" /> 
        <item name="8R_Display"  info="8-bit probe. (R)" /> 
        <item name="Pattern_generator" info="Pattern Generator: up to 256 byte" /> 
        <item name="Pulse_generator" info="Pulse generator (1-15 pulses)" /> 
        <item name="Pulse_probe" info="Short pulse detector" /> 
        <item name="Real_Button" info="A button with a rattle of contacts" /> 
        <item name="Rotary_SW4"  info="Rotary switch for 4 positions" /> 
        <item name="Rotary_SW8"  info="Rotary switch for 8 positions" /> 
        <item name="Rotary_SW16" info="Rotary switch for 16 positions" />

    </itemset>

</itemlib>
