<parts>
    <!-- BANK 0 -->
    <regblock name="SFR0" start="0x0000" end="0x001F" >
        <register name="PORTA"   addr="0x05" mask="00111111" />
        <register name="PORTC"   addr="0x07" mask="00111111" />

        <register name="PCLATH"  addr="0x0A" />
        <register name="INTCON"  addr="0x0B" 
                  bits="RAIF,INTF,T0IF,RAIE,INTE,T0IE,PEIE,GIE"/>
                  
        <register name="PIR1"    addr="0x0C" mask="11001001"
                  bits="TMR1IF,0,0,CMIF,0,0,ADIF,EEIF"/>
                  
        <register name="TMR1L"   addr="0x0E" />
        <register name="TMR1H"   addr="0x0F" />
        <register name="T1CON"   addr="0x10" mask="01111111" 
                  bits="TMR1ON,TMR1CS,T1SYNC,T1OSCEN,T1CKPS0,T1CKPS1,TMR1GE"/>
                  
        <register name="CMCON"   addr="0x19" mask="01011111"
                  bits="CM0,CM1,CM2,CIS,CINV,0,COUT,0" />
                  
    </regblock>
    <datablock name="GPR0" start="0x0020" end="0x005F"/>
    
    <!-- BANK 1 -->
    <regblock name="SFR1"  start="0x0080" end="0x009F">
        <mapped                 addr="0x80" mapto="0x00"/><!-- INDF -->
        <register name="OPTION" addr="0x81" reset="11111111"
                  bits="PS0,PS1,PS2,PSA,T0SE,T0CS,INTEDG,RAPU"/>
                  
        <mapped                 addr="0x82" mapto="0x02"/><!-- PCL -->
        <mapped                 addr="0x83" mapto="0x03"/><!-- STATUS -->
        <mapped                 addr="0x84" mapto="0x04"/><!-- FSR -->
        <register name="TRISA"  addr="0x85"  mask="00110111" reset="00111111"/>
        <register name="TRISC"  addr="0x87"  mask="00111111" reset="00111111"/>
        <mapped                 addr="0x8A" mapto="0x0A"/><!-- PCLATH -->
        <mapped                 addr="0x8B" mapto="0x0B"/><!-- INTCON -->
        <register name="PIE1"   addr="0x8C" mask="11001001"
                  bits="TMR1IE,0,0,CMIE,0,0,ADIE,EEIE"/>
                  
        <register name="PCON"   addr="0x8E" mask="00000011"
                  bits="BOD,POD" />
                  
        <register name="OSCCCAL" addr="0x90" mask="11111100" />
        
        <register name="WPUA"   addr="0x95" reset="00110111" mask="00110111"
                  bits="WPUA0,WPUA1,WPUA2,0,WPUA4,WPUA5"/>
                  
        <register name="IOCA"   addr="0x96" mask="00111111" />
                  
        <register name="VRCON"  addr="0x99" mask="10101111"
                  bits="VR0,VR1,VR2,VR3,0,VRR,0,VREN"/>
                  
        <register name="EEDAT"  addr="0x9A" />
        <register name="EEADR"  addr="0x9B" />
        <register name="EECON1" addr="0x9C" mask="00001111"
                  bits="RD,WR,WREN,WRERR"/>
                  
        <register name="EECON2" addr="0x9D" />
    </regblock>
    <datablock name="GPR1" start="0x00A0" end="0x00DF"mapto="0x0020"/>
    
</parts>
